,mean_fit_time,std_fit_time,mean_score_time,std_score_time,param_max_depth,param_min_samples_leaf,param_min_samples_split,param_n_estimators,params,split0_test_score,split1_test_score,split2_test_score,split3_test_score,split4_test_score,mean_test_score,std_test_score,rank_test_score
0,5.540102767944336,0.0428514365669898,0.045287466049194335,0.005606877895742919,4,2,2,100,"{'max_depth': 4, 'min_samples_leaf': 2, 'min_samples_split': 2, 'n_estimators': 100}",0.5921052631578947,0.6291390728476821,0.6688741721854304,0.5827814569536424,0.6821192052980133,0.6310038340885326,0.03972132297123849,93
1,11.138704967498779,0.4250972168952942,0.0624901294708252,0.0016888797608703447,4,2,2,200,"{'max_depth': 4, 'min_samples_leaf': 2, 'min_samples_split': 2, 'n_estimators': 200}",0.618421052631579,0.6423841059602649,0.6556291390728477,0.5894039735099338,0.695364238410596,0.6402405019170443,0.0356103145294325,86
2,5.475682544708252,0.11428101585663569,0.045505619049072264,0.004581640528072004,4,2,3,100,"{'max_depth': 4, 'min_samples_leaf': 2, 'min_samples_split': 3, 'n_estimators': 100}",0.625,0.6357615894039735,0.6622516556291391,0.5695364238410596,0.6754966887417219,0.6336092715231788,0.03676689741337856,90
3,10.702445650100708,0.1085509574183097,0.06136689186096191,0.008145563433356493,4,2,3,200,"{'max_depth': 4, 'min_samples_leaf': 2, 'min_samples_split': 3, 'n_estimators': 200}",0.5986842105263158,0.6490066225165563,0.6423841059602649,0.5960264900662252,0.6688741721854304,0.6309951202509585,0.02882965753884527,94
4,5.484153604507446,0.07417405410881542,0.04792804718017578,0.0010268885367249675,4,2,5,100,"{'max_depth': 4, 'min_samples_leaf': 2, 'min_samples_split': 5, 'n_estimators': 100}",0.618421052631579,0.6158940397350994,0.6688741721854304,0.5827814569536424,0.6754966887417219,0.6322934820494945,0.03497853797568787,92
5,11.050773763656617,0.4828814866710607,0.0594876766204834,0.005749093308341818,4,2,5,200,"{'max_depth': 4, 'min_samples_leaf': 2, 'min_samples_split': 5, 'n_estimators': 200}",0.6052631578947368,0.6225165562913907,0.6688741721854304,0.5894039735099338,0.6821192052980133,0.6336354130359011,0.0359930058154463,88
6,5.373367738723755,0.12419714411132375,0.04698753356933594,0.0033173887176632805,4,3,2,100,"{'max_depth': 4, 'min_samples_leaf': 3, 'min_samples_split': 2, 'n_estimators': 100}",0.6118421052631579,0.6291390728476821,0.6490066225165563,0.6026490066225165,0.6754966887417219,0.6336266991983269,0.026244857881662236,89
7,10.630161619186401,0.1254546829310306,0.0592036247253418,0.005976416538939363,4,3,2,200,"{'max_depth': 4, 'min_samples_leaf': 3, 'min_samples_split': 2, 'n_estimators': 200}",0.5986842105263158,0.6754966887417219,0.6490066225165563,0.5827814569536424,0.6821192052980133,0.6376176368072499,0.040168991702529536,87
8,5.290590572357178,0.08574846495964439,0.04697957038879395,0.0040420251617991265,4,3,3,100,"{'max_depth': 4, 'min_samples_leaf': 3, 'min_samples_split': 3, 'n_estimators': 100}",0.618421052631579,0.6423841059602649,0.6423841059602649,0.5629139072847682,0.6754966887417219,0.6283199721157197,0.037409047667185544,96
9,10.540563535690307,0.09331969827449611,0.05770301818847656,0.006020121234252786,4,3,3,200,"{'max_depth': 4, 'min_samples_leaf': 3, 'min_samples_split': 3, 'n_estimators': 200}",0.6118421052631579,0.6291390728476821,0.6490066225165563,0.5761589403973509,0.695364238410596,0.6323021958870687,0.039589253261317695,91
10,5.332543992996216,0.14014607223572184,0.04406075477600098,0.003955502382340966,4,3,5,100,"{'max_depth': 4, 'min_samples_leaf': 3, 'min_samples_split': 5, 'n_estimators': 100}",0.6381578947368421,0.6556291390728477,0.6821192052980133,0.5827814569536424,0.7284768211920529,0.6574329034506796,0.048175242060398506,85
11,11.103710269927978,0.4258658114596461,0.06446566581726074,0.0029034369667036587,4,3,5,200,"{'max_depth': 4, 'min_samples_leaf': 3, 'min_samples_split': 5, 'n_estimators': 200}",0.6118421052631579,0.6490066225165563,0.6423841059602649,0.5827814569536424,0.6622516556291391,0.629653189264552,0.028682697331340275,95
12,9.312368774414063,0.02863167634051008,0.05130157470703125,0.0006322451581131436,8,2,2,100,"{'max_depth': 8, 'min_samples_leaf': 2, 'min_samples_split': 2, 'n_estimators': 100}",0.6710526315789473,0.6622516556291391,0.7615894039735099,0.6291390728476821,0.7019867549668874,0.6852039037992331,0.04469169542841329,53
13,18.621295738220216,0.1281528929315454,0.06848936080932617,0.0019103660700384233,8,2,2,200,"{'max_depth': 8, 'min_samples_leaf': 2, 'min_samples_split': 2, 'n_estimators': 200}",0.6710526315789473,0.6622516556291391,0.7284768211920529,0.6026490066225165,0.7086092715231788,0.6746078773091668,0.043362087081828676,78
14,9.543749141693116,0.30243382610440284,0.055788278579711914,0.007410476295163223,8,2,3,100,"{'max_depth': 8, 'min_samples_leaf': 2, 'min_samples_split': 3, 'n_estimators': 100}",0.6842105263157895,0.6357615894039735,0.7284768211920529,0.6490066225165563,0.7218543046357616,0.6838619728128268,0.03731639262078842,60
15,18.42591881752014,0.11998475074428137,0.06785974502563477,0.001987684924638823,8,2,3,200,"{'max_depth': 8, 'min_samples_leaf': 2, 'min_samples_split': 3, 'n_estimators': 200}",0.6644736842105263,0.6490066225165563,0.7284768211920529,0.609271523178808,0.7019867549668874,0.6706430812129662,0.041472480765433084,82
16,9.029327440261842,0.14729209623780065,0.04788613319396973,0.004082430919058496,8,2,5,100,"{'max_depth': 8, 'min_samples_leaf': 2, 'min_samples_split': 5, 'n_estimators': 100}",0.6578947368421053,0.6423841059602649,0.7218543046357616,0.609271523178808,0.7152317880794702,0.669327291739282,0.04319639748141528,83
17,18.40655827522278,0.34470932409040794,0.06601977348327637,0.005090859013286154,8,2,5,200,"{'max_depth': 8, 'min_samples_leaf': 2, 'min_samples_split': 5, 'n_estimators': 200}",0.7171052631578947,0.6754966887417219,0.7350993377483444,0.609271523178808,0.7086092715231788,0.6891164168699895,0.04435871944591593,44
18,8.837259006500243,0.1503859757027504,0.048451566696166994,0.0056394729635178146,8,3,2,100,"{'max_depth': 8, 'min_samples_leaf': 3, 'min_samples_split': 2, 'n_estimators': 100}",0.625,0.6821192052980133,0.7019867549668874,0.6225165562913907,0.7218543046357616,0.6706953642384106,0.04033895464419927,81
19,17.781904458999634,0.12190013476166725,0.06948108673095703,0.007294575236892631,8,3,2,200,"{'max_depth': 8, 'min_samples_leaf': 3, 'min_samples_split': 2, 'n_estimators': 200}",0.6776315789473685,0.6622516556291391,0.6887417218543046,0.6158940397350994,0.695364238410596,0.6679766469153015,0.028354399001189405,84
20,9.154560232162476,0.21310851109796908,0.053081178665161134,0.009223917340597859,8,3,3,100,"{'max_depth': 8, 'min_samples_leaf': 3, 'min_samples_split': 3, 'n_estimators': 100}",0.6644736842105263,0.6622516556291391,0.7086092715231788,0.6225165562913907,0.7152317880794702,0.674616591146741,0.03398611588416338,77
21,17.620751714706422,0.10860198604353573,0.06598782539367676,0.006185114136189661,8,3,3,200,"{'max_depth': 8, 'min_samples_leaf': 3, 'min_samples_split': 3, 'n_estimators': 200}",0.6710526315789473,0.6688741721854304,0.7218543046357616,0.6158940397350994,0.7152317880794702,0.6785813872429418,0.03820055754764296,68
22,8.864226627349854,0.14796918681833043,0.054715204238891604,0.004162854963165749,8,3,5,100,"{'max_depth': 8, 'min_samples_leaf': 3, 'min_samples_split': 5, 'n_estimators': 100}",0.6907894736842105,0.6821192052980133,0.7019867549668874,0.5960264900662252,0.7019867549668874,0.6745817357964448,0.03998124809739043,80
23,17.951586532592774,0.5643544521558622,0.06751060485839844,0.005588691474379082,8,3,5,200,"{'max_depth': 8, 'min_samples_leaf': 3, 'min_samples_split': 5, 'n_estimators': 200}",0.6842105263157895,0.6490066225165563,0.7152317880794702,0.6158940397350994,0.7152317880794702,0.6759149529452773,0.038696283688563954,75
24,10.002691888809204,0.07215085757294772,0.054081296920776366,0.004634627438078931,10,2,2,100,"{'max_depth': 10, 'min_samples_leaf': 2, 'min_samples_split': 2, 'n_estimators': 100}",0.6644736842105263,0.6821192052980133,0.7350993377483444,0.6291390728476821,0.7483443708609272,0.6918351341930986,0.04435973278937056,30
25,19.82711148262024,0.10634178418677499,0.0700918197631836,0.0021211096642398124,10,2,2,200,"{'max_depth': 10, 'min_samples_leaf': 2, 'min_samples_split': 2, 'n_estimators': 200}",0.6710526315789473,0.6887417218543046,0.7218543046357616,0.6225165562913907,0.7218543046357616,0.6852039037992331,0.036956682650283526,53
26,10.148785638809205,0.3048609497486506,0.04940471649169922,0.009475556428197175,10,2,3,100,"{'max_depth': 10, 'min_samples_leaf': 2, 'min_samples_split': 3, 'n_estimators': 100}",0.631578947368421,0.6688741721854304,0.7417218543046358,0.6225165562913907,0.7086092715231788,0.6746601603346114,0.04529511444016851,76
27,19.96345772743225,0.06267662349114692,0.07299714088439942,0.006843738925859694,10,2,3,200,"{'max_depth': 10, 'min_samples_leaf': 2, 'min_samples_split': 3, 'n_estimators': 200}",0.6842105263157895,0.6821192052980133,0.7615894039735099,0.6225165562913907,0.7218543046357616,0.694457999302893,0.04623853544747152,23
28,9.987829685211182,0.05388643305458786,0.05251617431640625,0.0027528986772675412,10,2,5,100,"{'max_depth': 10, 'min_samples_leaf': 2, 'min_samples_split': 5, 'n_estimators': 100}",0.6578947368421053,0.6490066225165563,0.7417218543046358,0.6158940397350994,0.7152317880794702,0.6759498082955734,0.045886059265233016,73
29,20.038751745223998,0.3750249560323758,0.06965494155883789,0.006577196070667565,10,2,5,200,"{'max_depth': 10, 'min_samples_leaf': 2, 'min_samples_split': 5, 'n_estimators': 200}",0.6842105263157895,0.6622516556291391,0.7549668874172185,0.6357615894039735,0.7350993377483444,0.694457999302893,0.04449847579849229,23
30,9.740448379516602,0.06718472325292742,0.05276808738708496,0.001568343767459096,10,3,2,100,"{'max_depth': 10, 'min_samples_leaf': 3, 'min_samples_split': 2, 'n_estimators': 100}",0.6710526315789473,0.6423841059602649,0.7417218543046358,0.6225165562913907,0.7284768211920529,0.6812303938654584,0.04680037891521747,63
31,19.384009742736815,0.3760442479641468,0.06989049911499023,0.002520269222031055,10,3,2,200,"{'max_depth': 10, 'min_samples_leaf': 3, 'min_samples_split': 2, 'n_estimators': 200}",0.6907894736842105,0.6754966887417219,0.7284768211920529,0.6026490066225165,0.7019867549668874,0.6798797490414779,0.04231599228790409,65
32,9.61333212852478,0.06201881735013984,0.05265660285949707,0.002801979838156497,10,3,3,100,"{'max_depth': 10, 'min_samples_leaf': 3, 'min_samples_split': 3, 'n_estimators': 100}",0.7039473684210527,0.6887417218543046,0.7748344370860927,0.6026490066225165,0.7086092715231788,0.6957563611014289,0.05514311676081622,21
33,19.23313479423523,0.0913411470006424,0.07365789413452148,0.007683068539670304,10,3,3,200,"{'max_depth': 10, 'min_samples_leaf': 3, 'min_samples_split': 3, 'n_estimators': 200}",0.6776315789473685,0.6556291390728477,0.7350993377483444,0.6291390728476821,0.7417218543046358,0.6878441965841757,0.044100452175140734,47
34,9.845412492752075,0.39267285912316596,0.05116152763366699,0.0029944956565493004,10,3,5,100,"{'max_depth': 10, 'min_samples_leaf': 3, 'min_samples_split': 5, 'n_estimators': 100}",0.6578947368421053,0.6754966887417219,0.7350993377483444,0.6158940397350994,0.7086092715231788,0.6785988149180899,0.04114148138382473,67
35,19.038471746444703,0.1316656257198816,0.06836576461791992,0.007087974675795307,10,3,5,200,"{'max_depth': 10, 'min_samples_leaf': 3, 'min_samples_split': 5, 'n_estimators': 200}",0.6776315789473685,0.6821192052980133,0.7483443708609272,0.609271523178808,0.7086092715231788,0.6851951899616591,0.045534846732141046,56
36,10.536743116378783,0.07258455581493942,0.05275397300720215,0.0017756500832621814,16,2,2,100,"{'max_depth': 16, 'min_samples_leaf': 2, 'min_samples_split': 2, 'n_estimators': 100}",0.6776315789473685,0.6821192052980133,0.7417218543046358,0.6291390728476821,0.7218543046357616,0.6904932032066922,0.039007096553914905,35
37,21.113357400894166,0.29107182570449736,0.07101292610168457,0.0038719129486007547,16,2,2,200,"{'max_depth': 16, 'min_samples_leaf': 2, 'min_samples_split': 2, 'n_estimators': 200}",0.6907894736842105,0.6688741721854304,0.7748344370860927,0.6357615894039735,0.7615894039735099,0.7063698152666434,0.05361119150179096,2
38,10.506910943984986,0.06667305824897884,0.05084095001220703,0.0032565994558360735,16,2,3,100,"{'max_depth': 16, 'min_samples_leaf': 2, 'min_samples_split': 3, 'n_estimators': 100}",0.6710526315789473,0.6821192052980133,0.7549668874172185,0.6225165562913907,0.7284768211920529,0.6918264203555247,0.046172736637852416,31
39,21.077938508987426,0.4450757669470156,0.07150306701660156,0.0072218440942632914,16,2,3,200,"{'max_depth': 16, 'min_samples_leaf': 2, 'min_samples_split': 3, 'n_estimators': 200}",0.6907894736842105,0.6556291390728477,0.7549668874172185,0.6490066225165563,0.7615894039735099,0.7023963053328687,0.04783269517705903,4
40,10.561237287521362,0.08698532631456382,0.052838373184204104,0.005711850177269337,16,2,5,100,"{'max_depth': 16, 'min_samples_leaf': 2, 'min_samples_split': 5, 'n_estimators': 100}",0.6644736842105263,0.6887417218543046,0.7417218543046358,0.6225165562913907,0.7086092715231788,0.6852126176368072,0.040284119169531875,52
41,20.96011538505554,0.24971214196699426,0.07881932258605957,0.01087103222676606,16,2,5,200,"{'max_depth': 16, 'min_samples_leaf': 2, 'min_samples_split': 5, 'n_estimators': 200}",0.6973684210526315,0.6754966887417219,0.7615894039735099,0.6423841059602649,0.7284768211920529,0.7010630881840362,0.04129276440480935,6
42,10.25327754020691,0.3541503108682361,0.05485358238220215,0.0025794192753073697,16,3,2,100,"{'max_depth': 16, 'min_samples_leaf': 3, 'min_samples_split': 2, 'n_estimators': 100}",0.6776315789473685,0.6622516556291391,0.7417218543046358,0.6026490066225165,0.7218543046357616,0.6812216800278842,0.04869845362548153,64
43,20.060383558273315,0.12938083910469117,0.07264423370361328,0.001365490413501633,16,3,2,200,"{'max_depth': 16, 'min_samples_leaf': 3, 'min_samples_split': 2, 'n_estimators': 200}",0.6578947368421053,0.6754966887417219,0.7549668874172185,0.6158940397350994,0.7350993377483444,0.6878703380968978,0.05092103049544139,45
44,10.324876499176025,0.23985096450302085,0.05718812942504883,0.008693381767728808,16,3,3,100,"{'max_depth': 16, 'min_samples_leaf': 3, 'min_samples_split': 3, 'n_estimators': 100}",0.6973684210526315,0.6622516556291391,0.7350993377483444,0.6225165562913907,0.7086092715231788,0.6851690484489369,0.039094358177171364,59
45,20.05915036201477,0.21355724732964437,0.07019577026367188,0.0020500003658544953,16,3,3,200,"{'max_depth': 16, 'min_samples_leaf': 3, 'min_samples_split': 3, 'n_estimators': 200}",0.7039473684210527,0.6821192052980133,0.7483443708609272,0.6291390728476821,0.7086092715231788,0.6944318577901708,0.03902012876776933,26
46,10.094282722473144,0.11626626628751514,0.052808380126953124,0.0018963905959640287,16,3,5,100,"{'max_depth': 16, 'min_samples_leaf': 3, 'min_samples_split': 5, 'n_estimators': 100}",0.6710526315789473,0.6754966887417219,0.7549668874172185,0.609271523178808,0.7218543046357616,0.6865284071104913,0.04952084243218073,51
47,20.285668802261352,0.19621495807912953,0.07546687126159668,0.010029261802282695,16,3,5,200,"{'max_depth': 16, 'min_samples_leaf': 3, 'min_samples_split': 5, 'n_estimators': 200}",0.6842105263157895,0.6490066225165563,0.7218543046357616,0.6357615894039735,0.7019867549668874,0.6785639595677937,0.0321255166546851,69
48,10.623118829727172,0.15422787574720662,0.054904508590698245,0.003982417156107672,24,2,2,100,"{'max_depth': 24, 'min_samples_leaf': 2, 'min_samples_split': 2, 'n_estimators': 100}",0.6776315789473685,0.6490066225165563,0.7483443708609272,0.6423841059602649,0.7284768211920529,0.689168699895434,0.04238345026757954,39
49,21.33790292739868,0.42903677434954585,0.07274675369262695,0.00385907080760712,24,2,2,200,"{'max_depth': 24, 'min_samples_leaf': 2, 'min_samples_split': 2, 'n_estimators': 200}",0.7105263157894737,0.6887417218543046,0.7549668874172185,0.6225165562913907,0.7218543046357616,0.6997211571976298,0.04413573784759573,10
50,10.62783145904541,0.13445628360132258,0.05227675437927246,0.0010217124773455031,24,2,3,100,"{'max_depth': 24, 'min_samples_leaf': 2, 'min_samples_split': 3, 'n_estimators': 100}",0.6776315789473685,0.6754966887417219,0.7417218543046358,0.6291390728476821,0.7350993377483444,0.6918177065179505,0.0418567952040087,32
51,21.137064218521118,0.3622579229817764,0.0721595287322998,0.001872050021250692,24,2,3,200,"{'max_depth': 24, 'min_samples_leaf': 2, 'min_samples_split': 3, 'n_estimators': 200}",0.6907894736842105,0.6622516556291391,0.7615894039735099,0.6423841059602649,0.7483443708609272,0.7010718020216103,0.046806092812018335,5
52,10.3834312915802,0.0529146979351498,0.05190744400024414,0.0013314513981242584,24,2,5,100,"{'max_depth': 24, 'min_samples_leaf': 2, 'min_samples_split': 5, 'n_estimators': 100}",0.6973684210526315,0.6688741721854304,0.7682119205298014,0.6423841059602649,0.7218543046357616,0.699738584872778,0.04341766611652303,9
53,20.661634969711304,0.12995429602083086,0.06764774322509766,0.0010002697912320888,24,2,5,200,"{'max_depth': 24, 'min_samples_leaf': 2, 'min_samples_split': 5, 'n_estimators': 200}",0.6842105263157895,0.6754966887417219,0.7350993377483444,0.6158940397350994,0.7284768211920529,0.6878354827466016,0.042957066355748384,49
54,10.315348529815674,0.3381713402236935,0.057309722900390624,0.0103528523938732,24,3,2,100,"{'max_depth': 24, 'min_samples_leaf': 3, 'min_samples_split': 2, 'n_estimators': 100}",0.7039473684210527,0.6622516556291391,0.7284768211920529,0.6291390728476821,0.7218543046357616,0.6891338445451376,0.03784167945942512,42
55,20.09191675186157,0.23384809667097176,0.07010388374328613,0.001311388160314626,24,3,2,200,"{'max_depth': 24, 'min_samples_leaf': 3, 'min_samples_split': 2, 'n_estimators': 200}",0.7171052631578947,0.6423841059602649,0.7284768211920529,0.6225165562913907,0.7284768211920529,0.6877919135587313,0.04580946875977695,50
56,10.346722078323364,0.3762262850108422,0.05211906433105469,0.0020574594070029016,24,3,3,100,"{'max_depth': 24, 'min_samples_leaf': 3, 'min_samples_split': 3, 'n_estimators': 100}",0.6842105263157895,0.6490066225165563,0.7615894039735099,0.5960264900662252,0.7350993377483444,0.6851864761240851,0.059309592037739,57
57,20.108033657073975,0.17586307445419264,0.0713961124420166,0.0022586859081881678,24,3,3,200,"{'max_depth': 24, 'min_samples_leaf': 3, 'min_samples_split': 3, 'n_estimators': 200}",0.6776315789473685,0.6490066225165563,0.7483443708609272,0.6026490066225165,0.7019867549668874,0.6759236667828511,0.04903195489160315,74
58,10.123046350479125,0.10183383690244646,0.05281252861022949,0.0013337777537928116,24,3,5,100,"{'max_depth': 24, 'min_samples_leaf': 3, 'min_samples_split': 5, 'n_estimators': 100}",0.6842105263157895,0.6688741721854304,0.7284768211920529,0.6291390728476821,0.7350993377483444,0.6891599860578599,0.03922947610534776,40
59,20.18607392311096,0.4495074858112284,0.07239995002746583,0.005444075808296484,24,3,5,200,"{'max_depth': 24, 'min_samples_leaf': 3, 'min_samples_split': 5, 'n_estimators': 200}",0.6842105263157895,0.6821192052980133,0.7549668874172185,0.6357615894039735,0.7417218543046358,0.6997560125479261,0.04349109767268065,8
60,10.5132239818573,0.060844231911404575,0.04938673973083496,0.0037621179469730266,48,2,2,100,"{'max_depth': 48, 'min_samples_leaf': 2, 'min_samples_split': 2, 'n_estimators': 100}",0.6776315789473685,0.6556291390728477,0.695364238410596,0.6291390728476821,0.7152317880794702,0.674599163471593,0.03005952670481684,79
61,21.05236268043518,0.5952126160400532,0.0706139087677002,0.0029486674194308233,48,2,2,200,"{'max_depth': 48, 'min_samples_leaf': 2, 'min_samples_split': 2, 'n_estimators': 200}",0.6842105263157895,0.6688741721854304,0.7350993377483444,0.6423841059602649,0.7483443708609272,0.6957825026141513,0.04004477785099478,19
62,10.551696538925171,0.18476207845744252,0.050108480453491214,0.005961812579099423,48,2,3,100,"{'max_depth': 48, 'min_samples_leaf': 2, 'min_samples_split': 3, 'n_estimators': 100}",0.7105263157894737,0.6688741721854304,0.7350993377483444,0.6357615894039735,0.7417218543046358,0.6983966538863715,0.04041291110606809,14
63,21.05511784553528,0.11152401108287086,0.06820297241210938,0.003806836615368334,48,2,3,200,"{'max_depth': 48, 'min_samples_leaf': 2, 'min_samples_split': 3, 'n_estimators': 200}",0.6776315789473685,0.6754966887417219,0.7483443708609272,0.6225165562913907,0.7549668874172185,0.6957912164517254,0.0497481862653263,18
64,10.625576639175415,0.35676537524665225,0.051316452026367185,0.0010103909388522341,48,2,5,100,"{'max_depth': 48, 'min_samples_leaf': 2, 'min_samples_split': 5, 'n_estimators': 100}",0.6776315789473685,0.6688741721854304,0.7748344370860927,0.6423841059602649,0.7350993377483444,0.6997647263855001,0.04820919907968674,7
65,20.951182222366334,0.13200497692936672,0.07096700668334961,0.0012847207149374546,48,2,5,200,"{'max_depth': 48, 'min_samples_leaf': 2, 'min_samples_split': 5, 'n_estimators': 200}",0.6842105263157895,0.6622516556291391,0.7615894039735099,0.6556291390728477,0.7483443708609272,0.7024050191704427,0.044146416776636034,3
66,10.368529844284058,0.43116801045630887,0.053423595428466794,0.003761383912337348,48,3,2,100,"{'max_depth': 48, 'min_samples_leaf': 3, 'min_samples_split': 2, 'n_estimators': 100}",0.6776315789473685,0.6423841059602649,0.7483443708609272,0.6490066225165563,0.7086092715231788,0.6851951899616592,0.03933356785824716,55
67,19.845557737350465,0.28773151040204925,0.0729177474975586,0.007092313286303676,48,3,2,200,"{'max_depth': 48, 'min_samples_leaf': 3, 'min_samples_split': 2, 'n_estimators': 200}",0.7105263157894737,0.6688741721854304,0.7682119205298014,0.6158940397350994,0.6821192052980133,0.6891251307075636,0.05006936796929566,43
68,9.96315426826477,0.1846346734525088,0.05176820755004883,0.0030737091049791894,48,3,3,100,"{'max_depth': 48, 'min_samples_leaf': 3, 'min_samples_split': 3, 'n_estimators': 100}",0.6710526315789473,0.7019867549668874,0.7284768211920529,0.6225165562913907,0.6887417218543046,0.6825548971767166,0.03538813782097945,61
69,20.27623052597046,0.3830195385089081,0.07212772369384765,0.0032275991544518617,48,3,3,200,"{'max_depth': 48, 'min_samples_leaf': 3, 'min_samples_split': 3, 'n_estimators': 200}",0.6907894736842105,0.6821192052980133,0.7549668874172185,0.6225165562913907,0.7350993377483444,0.6970982920878355,0.04608571002340228,16
70,10.029254865646362,0.11689628895543334,0.05320477485656738,0.0036437991975340023,48,3,5,100,"{'max_depth': 48, 'min_samples_leaf': 3, 'min_samples_split': 5, 'n_estimators': 100}",0.6907894736842105,0.6622516556291391,0.7615894039735099,0.6490066225165563,0.7284768211920529,0.6984227953990937,0.04171772285294272,13
71,20.213750648498536,0.5663965761986609,0.07199912071228028,0.0029338774321738706,48,3,5,200,"{'max_depth': 48, 'min_samples_leaf': 3, 'min_samples_split': 5, 'n_estimators': 200}",0.6842105263157895,0.6887417218543046,0.7748344370860927,0.6291390728476821,0.7152317880794702,0.6984315092366679,0.047365022598185855,12
72,10.62069296836853,0.09600166814109443,0.05329499244689941,0.0018943894175605552,128,2,2,100,"{'max_depth': 128, 'min_samples_leaf': 2, 'min_samples_split': 2, 'n_estimators': 100}",0.7105263157894737,0.6490066225165563,0.7417218543046358,0.6225165562913907,0.7350993377483444,0.6917741373300802,0.047642763299123696,34
73,21.135131788253783,0.42854626178049526,0.07237548828125,0.0045468357532116345,128,2,2,200,"{'max_depth': 128, 'min_samples_leaf': 2, 'min_samples_split': 2, 'n_estimators': 200}",0.7039473684210527,0.6754966887417219,0.7549668874172185,0.6225165562913907,0.7284768211920529,0.6970808644126872,0.045627534063704484,17
74,10.512572956085204,0.04445149910533543,0.05176434516906738,0.0007088041945668269,128,2,3,100,"{'max_depth': 128, 'min_samples_leaf': 2, 'min_samples_split': 3, 'n_estimators': 100}",0.6907894736842105,0.6490066225165563,0.7417218543046358,0.6158940397350994,0.7682119205298014,0.6931247821540606,0.05642022158960288,29
75,21.25823583602905,0.24212279175462106,0.07176895141601562,0.0020117384549259896,128,2,3,200,"{'max_depth': 128, 'min_samples_leaf': 2, 'min_samples_split': 3, 'n_estimators': 200}",0.6842105263157895,0.6821192052980133,0.7549668874172185,0.6556291390728477,0.7086092715231788,0.6971070059254095,0.03344079781564602,15
76,10.596826410293579,0.11381909880306824,0.05102496147155762,0.004145507653506011,128,2,5,100,"{'max_depth': 128, 'min_samples_leaf': 2, 'min_samples_split': 5, 'n_estimators': 100}",0.7105263157894737,0.6622516556291391,0.7218543046357616,0.609271523178808,0.6887417218543046,0.6785291042174973,0.040166553156917716,70
77,21.088832712173463,0.6092577619775847,0.07166938781738282,0.0036112433499137834,128,2,5,200,"{'max_depth': 128, 'min_samples_leaf': 2, 'min_samples_split': 5, 'n_estimators': 200}",0.7039473684210527,0.6688741721854304,0.7417218543046358,0.6225165562913907,0.7350993377483444,0.6944318577901709,0.04428484734575514,25
78,10.266942501068115,0.3494518564602885,0.058356857299804686,0.007283296352311541,128,3,2,100,"{'max_depth': 128, 'min_samples_leaf': 3, 'min_samples_split': 2, 'n_estimators': 100}",0.7039473684210527,0.6688741721854304,0.7483443708609272,0.6291390728476821,0.7086092715231788,0.6917828511676543,0.040197910261390295,33
79,20.18465142250061,0.17599939552138363,0.07036404609680176,0.0017752151817906794,128,3,2,200,"{'max_depth': 128, 'min_samples_leaf': 3, 'min_samples_split': 2, 'n_estimators': 200}",0.6776315789473685,0.6754966887417219,0.7549668874172185,0.6225165562913907,0.7086092715231788,0.6878441965841756,0.04349966219875565,48
80,10.292121601104736,0.37576080196724765,0.052510547637939456,0.000906328557375611,128,3,3,100,"{'max_depth': 128, 'min_samples_leaf': 3, 'min_samples_split': 3, 'n_estimators': 100}",0.6842105263157895,0.6556291390728477,0.7284768211920529,0.6225165562913907,0.7218543046357616,0.6825374695015685,0.03996399616369681,62
81,19.785720825195312,0.106317789512637,0.07100453376770019,0.002375444163257222,128,3,3,200,"{'max_depth': 128, 'min_samples_leaf': 3, 'min_samples_split': 3, 'n_estimators': 200}",0.7039473684210527,0.6887417218543046,0.7350993377483444,0.6026490066225165,0.7218543046357616,0.6904583478563959,0.04663454721379313,36
82,9.997717952728271,0.0835056142519621,0.05003271102905273,0.003815989652696244,128,3,5,100,"{'max_depth': 128, 'min_samples_leaf': 3, 'min_samples_split': 5, 'n_estimators': 100}",0.7171052631578947,0.6556291390728477,0.7350993377483444,0.609271523178808,0.7350993377483444,0.6904409201812478,0.05000013363832026,38
83,20.01329102516174,0.4046984675923632,0.06842637062072754,0.0012233779610215365,128,3,5,200,"{'max_depth': 128, 'min_samples_leaf': 3, 'min_samples_split': 5, 'n_estimators': 200}",0.6973684210526315,0.6754966887417219,0.7417218543046358,0.6225165562913907,0.7086092715231788,0.6891425583827118,0.03958897323683572,41
84,10.494095087051392,0.1724356453322696,0.05422053337097168,0.0020350610881357113,256,2,2,100,"{'max_depth': 256, 'min_samples_leaf': 2, 'min_samples_split': 2, 'n_estimators': 100}",0.6842105263157895,0.6490066225165563,0.7483443708609272,0.6490066225165563,0.7350993377483444,0.6931334959916348,0.04191265654045107,28
85,21.21638102531433,0.20916145710511816,0.07310905456542968,0.014462760555137155,256,2,2,200,"{'max_depth': 256, 'min_samples_leaf': 2, 'min_samples_split': 2, 'n_estimators': 200}",0.7105263157894737,0.6821192052980133,0.7218543046357616,0.6357615894039735,0.7284768211920529,0.6957476472638551,0.033927059986187516,22
86,10.584581995010376,0.09400151970020151,0.05409917831420898,0.0016821690227686377,256,2,3,100,"{'max_depth': 256, 'min_samples_leaf': 2, 'min_samples_split': 3, 'n_estimators': 100}",0.6973684210526315,0.6688741721854304,0.7814569536423841,0.6556291390728477,0.7350993377483444,0.7076856047403276,0.045861469383922465,1
87,21.23056082725525,0.4413475928781158,0.07878851890563965,0.0046037458432610515,256,2,3,200,"{'max_depth': 256, 'min_samples_leaf': 2, 'min_samples_split': 3, 'n_estimators': 200}",0.7105263157894737,0.6622516556291391,0.7284768211920529,0.6225165562913907,0.7284768211920529,0.6904496340188219,0.041725857964389754,37
88,10.588972425460815,0.11717032787017044,0.05314173698425293,0.001262430123493804,256,2,5,100,"{'max_depth': 256, 'min_samples_leaf': 2, 'min_samples_split': 5, 'n_estimators': 100}",0.6710526315789473,0.6688741721854304,0.7086092715231788,0.6225165562913907,0.7152317880794702,0.6772568839316835,0.03325757545692331,71
89,21.16499662399292,0.4357711581665293,0.0665555477142334,0.005397329014061599,256,2,5,200,"{'max_depth': 256, 'min_samples_leaf': 2, 'min_samples_split': 5, 'n_estimators': 200}",0.6907894736842105,0.6556291390728477,0.7549668874172185,0.6158940397350994,0.7086092715231788,0.685177762286511,0.047168642678865995,58
90,10.008788108825684,0.19168236777550002,0.05230798721313477,0.004736235237143976,256,3,2,100,"{'max_depth': 256, 'min_samples_leaf': 3, 'min_samples_split': 2, 'n_estimators': 100}",0.6710526315789473,0.6622516556291391,0.7549668874172185,0.6158940397350994,0.7350993377483444,0.6878529104217498,0.050699632128696256,46
91,19.957472229003905,0.4782595984383451,0.07461686134338379,0.01696309567291254,256,3,2,200,"{'max_depth': 256, 'min_samples_leaf': 3, 'min_samples_split': 2, 'n_estimators': 200}",0.6842105263157895,0.6622516556291391,0.7682119205298014,0.6225165562913907,0.7417218543046358,0.6957825026141513,0.05288207983597788,19
92,10.010913038253785,0.22991126840726042,0.05375437736511231,0.0012848705399753958,256,3,3,100,"{'max_depth': 256, 'min_samples_leaf': 3, 'min_samples_split': 3, 'n_estimators': 100}",0.7171052631578947,0.6622516556291391,0.7417218543046358,0.6225165562913907,0.7284768211920529,0.6944144301150226,0.0449819099116717,27
93,19.812664556503297,0.22589690209593605,0.06404714584350586,0.007085117409556474,256,3,3,200,"{'max_depth': 256, 'min_samples_leaf': 3, 'min_samples_split': 3, 'n_estimators': 200}",0.6578947368421053,0.6622516556291391,0.7350993377483444,0.6158940397350994,0.7218543046357616,0.67859881491809,0.04402527403061084,66
94,10.20469136238098,0.5258905567464814,0.05326075553894043,0.001332685628881392,256,3,5,100,"{'max_depth': 256, 'min_samples_leaf': 3, 'min_samples_split': 5, 'n_estimators': 100}",0.6907894736842105,0.6423841059602649,0.7284768211920529,0.6291390728476821,0.695364238410596,0.6772307424189613,0.03651279286676779,72
95,20.08393268585205,0.12121705680201703,0.0693211555480957,0.005409049515731055,256,3,5,200,"{'max_depth': 256, 'min_samples_leaf': 3, 'min_samples_split': 5, 'n_estimators': 200}",0.7171052631578947,0.6821192052980133,0.7549668874172185,0.6291390728476821,0.7152317880794702,0.6997124433600558,0.04215812253905696,11
